{
  "1": {
    "title": "How are you?",
    "answers": [{ "content": "Great", "isRight": true }, { "content": "Bad", "isRight": false}, { "content": "Ok", "isRight": false}]
  },
  "2": {
    "title": "Your age is?",
    "answers": [{ "content": "22", "isRight": true }, { "content": "18", "isRight": false}, { "content": "30", "isRight": false}]
  },
  "3": {
    "title": "Your name is?",
    "answers": [{ "content": "Kiro", "isRight": true }, { "content": "Pesho", "isRight": false}, { "content": "Stamat", "isRight": false}]
  }
}